{"cameraMode":{"drawMode":0,"name":"Shaded","section":"Shading Mode"},"sceneLighting":false,"audioPlay":false,"sceneViewState":{"showFog":true,"showMaterialUpdate":false,"showSkybox":false,"showFlares":true,"showImageEffects":true,"showParticleSystems":true},"in2DMode":false,"pivot":{"x":0.0,"y":0.10883212089538574,"z":0.051599979400634769},"rotation":{"x":0.3120531737804413,"y":-0.10799649357795716,"z":0.03572896495461464,"w":0.9432299733161926},"size":0.9793409705162048,"orthographic":true}