{"cameraMode":{"drawMode":0,"name":"Shaded","section":"Shading Mode"},"sceneLighting":false,"audioPlay":false,"sceneViewState":{"showFog":true,"showMaterialUpdate":false,"showSkybox":false,"showFlares":true,"showImageEffects":true,"showParticleSystems":true},"in2DMode":false,"pivot":{"x":4.710508346557617,"y":-19.575790405273439,"z":4.706857681274414},"rotation":{"x":0.3120531737804413,"y":-0.10799649357795716,"z":0.03572896495461464,"w":0.9432299733161926},"size":19.58437156677246,"orthographic":true}