{"cameraMode":{"drawMode":0,"name":"Shaded","section":"Shading Mode"},"sceneLighting":false,"audioPlay":false,"sceneViewState":{"showFog":true,"showMaterialUpdate":false,"showSkybox":false,"showFlares":true,"showImageEffects":true,"showParticleSystems":true},"in2DMode":false,"pivot":{"x":-0.005842387676239014,"y":0.10795855522155762,"z":0.20669996738433839},"rotation":{"x":0.3120531737804413,"y":-0.10799649357795716,"z":0.03572896495461464,"w":0.9432299733161926},"size":3.2615368366241457,"orthographic":true}